Name,Abkürzung,Typ,Abteilung,Fachbereich,Link,Beschreibung,Ansprechpartner*In,Aktualisiert
Nachwuchsnetzwerk Öffentliche Gesundheit,NÖG,Netzwerk,,Allgemein,http://noeg.org/,"Das Nachwuchsnetzwerk Öffentliche Gesundheit ist ein offenes Netzwerk von Studierenden, NachwuchswissenschaftlerInnen und -fachkräften verschiedener Disziplinen mit Interesse an öffentlicher Gesundheit.
 
 Das Netzwerk wurde im Dezember 2017 von den studentischen TeilnehmerInnen des zweiten Zukunftsforums Public Health ins Leben gerufen, um eine Plattform für nachhaltigen Austausch und Vernetzung zwischen Studierenden und AbsolventInnen der Fächer Public Health, Medizin und weiterer relevanter Disziplinen zu schaffen. Auf dieser Grundlage möchten wir den Reform- und Entwicklungsprozess der öffentlichen Gesundheit in Deutschland begleiten, der 2015 vom Leopoldina-Gutachten „Public Health in Deutschland“ angestoßen wurde.","Kerstin Sell (sell.kerstin@t-online.de);
 Simon Drees (simondrees@me.com)",N 18
Gesellschaft für Internationale Zusammenarbeit GmbH,GIZ,Staatliche Organisation,Schnell Einsetzbare Expertengruppe Gesundheit (SEEG),Gesundheitssicherheit,https://www.giz.de/de/weltweit/40435.html,"Die Weltgesundheitsorganisation und zahlreiche Staaten arbeiten daher daran, schneller auf Ausbrüche reagieren zu können. Das Bundesministerium für wirtschaftliche Zusammenarbeit und Entwicklung (BMZ) hat zu diesem Zweck die schnell einsetzbare Expertengruppe Gesundheit (SEEG) gegründet. Durch kurzfristige Einsätze vor Ort hilft sie dabei, einen Krankheitsausbruch möglichst früh zu erkennen und eine Ausbreitung zu verhindern. Das Projekt wird von der Gesellschaft für internationale Zusammenarbeit (GIZ) in Kooperation mit dem Bernhard-Nocht-Institut für Tropenmedizin und dem Robert Koch-Institut durchgeführt.",Generische Mailadresse (SEEG@giz.de),N 18
German Healthcare Partnership,GHP,Verband,,,https://ghp-initiative.de/,,,N 18
Auswärtiges Amt,AA,Ministerium,,Allgemein,https://www.auswaertiges-amt.de/de,"Das Auswärtige Amt ist zuständig für die deutsche Außenpolitik und die führende staatliche Einrichtung für humanitäre Hilfe und Krisenbewältigung. Das Auswärtige Amt unterhält in der Zentrale in Berlin ein rund um die Uhr verfügbares Crisis Response Office. Die Agentur finanziert Projekte, die sie durch Partnerorganisationen durchführt, und organisiert und liefert Lieferungen in Krisenzeiten. Darüber hinaus hat das Auswärtige Amt die Federführung über den europäischen Emergency Response Mechanismus European Medical Corps",Tobias Bergner (OR-G-L@diplo.de),N 18
Bundesministerium für Gesundheit,BMG,Ministerium,Globale Gesundheit,Allgemein,https://www.bundesgesundheitsministerium.de/,"Das Bundesministerium für Gesundheit ist für mehrere Politikbereiche verantwortlich und konzentriert sich auf die Ausarbeitung von Gesetzentwürfen, Verordnungen und Verwaltungsvorschriften. Das Ministerium ist auch bestrebt, die Gesundheit der Bevölkerung durch Präventionskampagnen zu verbessern und bietet Anreize und finanzielle Mittel in Deutschland auf Bundes- und lokaler Ebene. Es setzt sich aktiv für die Festlegung der globalen Gesundheitsagenda auf nationaler, bilateraler, europäischer und internationaler Ebene ein, auch in Einrichtungen wie dem G20-Gesundheitsgipfel. Weiterhin ist das BMG federführend für die Koordination der WHO zuständig.",Dagmar Reitenbach (dagmar.reitenbach@bmg.bund.de),N 18
Bundesministerium für wirtschaftliche Zusammenarbeit und Entwicklung,BMZ,Ministerium,"Globale Gesundheit, Referat 404",Allgemein,http://www.bmz.de/de/index.html,"Das BMZ entwickelt die Leitlinien und die grundlegenden Konzepte, auf denen die deutsche Entwicklungspolitik basiert. Es entwickelt langfristige Strategien für die Zusammenarbeit mit den verschiedenen betroffenen Akteuren und legt die Regeln für die Umsetzung dieser Zusammenarbeit fest. Das Ministerium unterstützt Entwicklungspartnerschaften durch bilaterale Abkommen mit Ländern, mit denen Deutschland Entwicklungszusammenarbeit unterhält, finanziell. Sie bietet technische Unterstützung für die Partnerländer",Generische Mailadresse (RL404@bmz.bund.de),N 18
Stiftung Wissenschaft und Politik,SWP,Stiftung,Globale Gesundheitspolitik,Allgemein,https://www.swp-berlin.org/,"Die Stiftung Wissenschaft und Politik (SWP) in Berlin ist eine Stiftung bürgerlichen Rechts und Trägerin des Deutschen Instituts für Internationale Politik und Sicherheit, das den Deutschen Bundestag, die Bundesregierung sowie politische Entscheidungsträger in für Deutschland wichtigen internationalen Organisationen, vor allem in EU, NATO und den Vereinten Nationen in Fragen der Außen- und Sicherheitspolitik bzw. internationalen Politik berät. Das Institut gehört zu den einflussreichsten deutschen Forschungseinrichtungen für außen- und sicherheitspolitische Fragen und ist die größte Einrichtung seiner Art in Europa.",Maike Voss (maike.voss@swp-berlin.de,N 18
Think Global Health,,Think Tank,,Allgemein,http://thinkglobalhealth.de/,"Think Tank aus Beratern, Wissenschaftlern, Journalisten, Designern und Filmemachern mit der Vision, den Erwerb, die Übersetzung und den Austausch von Wissen im multisektoralen transnationalen Bereich von Global Health zu unterstützen.","Mathias B. Bonk (mathias.bonk@thinkglobalhealth.de)
 Generische Mailadresse (contact@thinkglobalhealth.de)",N 18
Global Health Security Alliance,,Think Tank,,Health Security,https://glohsa.com/,"The Global Health Security Alliance is an independent network of international experts from policy, academics, security and private sectors, driven by the shared understanding that health and security issues have increasing and interrelated global impacts which require a transnational and multi-sectoral approach for mitigation. The GloHSA uniquely offers key decision makers advices regarding whether an issue is related to Global Health Security or not as well as provides them with sound confidential situational analysis to help build a comprehensive decision making process whenever relevant",Generische Mailadresse (info@glohsa.com),N 18
Bundesvertretung der Medizinstudierenden in Deutschland e.V.,bvmd,Studierendenorganisation,AG Public Health,Allgemein,https://www.bvmd.de/wer-wir-sind/arbeitsgruppen/ag-public-health/,"Die AG Public Health ist zuständig für Aufklärung über Public Health Themen (vor allem unter Medizinstudierenden, zB. stärkere Einbrigung von Public Health Inhalten in die Lehre), der Interessenvertretung von Medizinstudieren im Public Health Bereich sowie die Koordination von verschiedenen Studierenden Projekten, die in diesen Bereich fallen.",generische Mailadresse (npo@bvmd.de),N 18
Bundesvertretung der Medizinstudierenden in Deutschland e.V.,bvmd,Studierendenorganisation,GandHI (Globalisation and Health Initiative),Allgemein,https://www.bvmd.de/unsere-arbeit/projekte/gandhi/,"Das Global Health Projekt der bvmd ist ein Netzwerk von Medizinstudierenden, die sich auf wissenschaftlicher und politischer Ebene mit verschiedenen Themen globaler Gesundheit beschäftigen. Wir sind eine Plattform für Austausch, Vernetzung und gemeinsames Lernen und Handeln.",generische Mailadresse (gandhi@bvmd.de ),N 18
Bundesvertretung der Medizinstudierenden in Deutschland e.V.,bvmd,Studierendenorganisation,AG Medizin und Menschenrechte,Gesundheit als Menschenrecht,https://www.bvmd.de/wer-wir-sind/arbeitsgruppen/ag-medizin-und-menschenrechte/,"Die AG Medizin und Menschenrechte der bvmd befasst sich mit Themen wie z.B. Menschenrechte und Menschenrechtsinstitutionen, globale Gesundheit, humanitäre Einsätze, Flüchtlingsthemen, soziale Ungleichheit, Kindesmisshandlung, weibliche Genitalverstümmelung etc.. Ziel der AG ist es, Medizinstudierende für die verschiedenen Menschenrechtsbereiche zu sensibilisieren, damit sie sich mit ihrer Rolle in diesen Gebieten selbstkritisch auseinandersetzen und reflektieren können.",generische Mailadresse ( norp@bvmd.de),N 18
Global Health Alliance Deutschland,GHA-D,Netzwerk,,Globale Gesundheit Lehre,https://www.bvmd.de/unsere-arbeit/projekte/gandhi/global-health-deutschlandweit/,"as Ziel der Global Health Alliance Deutschland (GHA-D) ist es, Lehre, Forschung und die Umsetzung von Globaler Gesundheit an deutschen Universitäten zu stärken. Dazu gibt es vier Arbeitsgruppen: 1) GH Lehre im Studium 2) GH Lehre postgradual (Fort- und Weiterbildung) 2) GH Lehre postgradual (Fort- und Weiterbildung) 2) GH Lehre postgradual (Fort- und Weiterbildung)",generische Mailadresse (info@gha-d.org),N 18
Students for Planetary Health,SfPH,Studierendenorganisation,,Planetare Gesundheit,https://plattform-n.org/project/students-for-planetary-health-berlin-sf/,"Die Students for Planetary Health Berlin (SfPHBerlin) haben sich zum Ziel gesetzt, durch Projekte und Aktionen die Strömung Planetary Health voranzutreiben und für die planetare Gesundheit als solche zu wirken.",generische Mailadresse (planetaryhealth.berlin@gmail.com),N 18
Universities Allied for Essential Medicines Deutschland,UAEM,Studierendenorganisation,,Zugang zu Medikamenten,https://www.facebook.com/UAEMGermany/,"UAEM ist eine internationale Studierendenorganisation, welche sich für den besseren Zugang zu notwendigen Medikamenten sowie für transparente Forschung und Entwicklung von pharmazeutischen Produkten einsetzt.",,N 18
Deutsche Gesellschaft für Public Health -Studierende,DGPH,Studierendenorganisation,Fachbereich Studierende,Allgemein,http://www.deutsche-gesellschaft-public-health.de/fachbereiche/studierende/,"Die Ziele des FB Studierende liegen vor allem in der Interessensvertretung von Public Health Studierenden im gesamten Bundesgebiet, der Zugänglich-machung von Informationen für Schüler*innen (v.a. zur Studienorientierung) und Studierende (v.a. zur Vernetzung und Berufsorientierung) sowie der gezielten Projektarbeit (strukturell abgebildet in der Arbeit der AGs). Darüber hinaus soll der bundesweite Austausch von Public Health Studierenden gefördert werden.",generische Mailadresse (studierende@dg-public-health.de),N 18
Internationale Ärzte für die Verhütung des Atomkrieges,IPPNW,NGO,Soziale Verantwortung,,www.ippnw.de,"In einer globalisierten Welt sind die wesentlichen Einflussfaktoren für Gesundheit und Wohlbefinden der Menschen nicht mehr allein auf nationaler Ebene beeinflussbar. Die innerhalb und zwischen den Ländern beständig anwachsende Ungleichheit von Einkommen und Vermögen, der Klimakrise, die Deregulierung der internationalen Finanz und Warenströme, Kriege und gewalttätige Konflikte, der Umgang mit den natürlichen Ressourcen der Welt: All das hat erheblichen Einfluss auf die Gesundheit der Menschen und macht zugleich globales Handeln unumgänglich. Die IPPNW arbeitet in der Plattform für Globale Gesundheit mit und organisiert jährlich in Zusammenarbeit mit dem Institut für Sozialmedizin, Epidemiologie und Gesundheitsökonomie der Charité eine Global Health-Sommerakademie für Studierende und Berufsanfänger*innen.",kontakt@ippnw.de,F 19
Plattform Globale Gesundheit,DPGG,Netzwerk,,,https://www.plattformglobalegesundheit.de/,"Gleiche Gesundheitschancen weltweit. Gemeinhin gilt vielen Menschen Gesundheit als höchstes Gut. Nimmt man die Definition von Gesundheit der WHO-Verfassung von 1948 als „Zustand vollständigen körperlichen, geistigen und sozialen Wohlergehens und nicht nur das Fehlen von Krankheit oder Gebrechen“ ernst, muss eine gesundheitsfördernde Politik nicht nur eine gute Versorgung im Krankheitsfall gewährleisten, sondern vor allem Bedingungen schaffen, die ein gesundes Leben ermöglichen.",info@plattformglobalegesundheit.de,F 19
AG Klimawandel und Gesundheit,KLUG,Netzwerk,,,https://www.klimawandel-gesundheit.de/,"Wir haben als Gruppe engagierter Einzelpersonen aus dem Gesundheitsbereich im Oktober 2017 die „Deutsche Allianz Klimawandel und Gesundheit“ gegründet. Wir sind ein wachsendes Netzwerk aus ganz Deutschland, welches bestehende Projekte und Initiativen zum Thema Klimawandel und Gesundheit vernetzen und stärken will, aber auch eigene Prioritäten und strategische Ziele verfolgt.",kontakt@klimawandel-gesundheit.de,M 19
Robert Koch Institut,RKI,Bundesinstitut,,,www.rki.de,"Das Robert Koch-Institut (RKI) ist ein Bundesinstitut im Geschäftsbereich des Bundesministeriums für Gesundheit. Das RKI ist die zentrale Einrichtung der Bundesregierung auf dem Gebiet der Krankheitsüberwachung und -prävention und damit auch die zentrale Einrichtung des Bundes auf dem Gebiet der anwendungs- und maßnahmenorientierten biomedizinischen Forschung. Die Kernaufgaben des RKI sind die Erkennung, Verhütung und Bekämpfung von Krankheiten, insbesondere der Infektionskrankheiten.",,M 19
Universität Osnabrück,,Universität,New Public Health,Institut für Gesundheitsforschung und Bildung,https://www.igb.uni-osnabrueck.de/startseite/institut_fuer_gesundheisforschung_und_bildung.html,Das Institut für Gesundheitsforschung und Bildung (IGB) trägt mit seiner Forschung und seinem Lehrangebot zur Gestaltung der Gesundheitsversorgung und der Humandienstleistungen sowie zur Fachkräfteentwicklung in diesen Berufsfeldern bei.,birgit.babitsch@uni-osnabrueck.de,M 19
Global Health Alliance-Deutschland,GHA-D,Netzwerrk,,Globale Gesundheit,gha-d.org,Die GHA-D ist ein deutschlandweites Netzwerk von Studierenden und Lehrenden mit Interesse an und Expertise in Global Health. Die GHA-D ist ein deutschlandweites Netzwerk von Studierenden und Lehrenden mit Interesse an und Expertise in Global Health.,,M 19
UnifiedForHealth,UFH,Platform,,Global Health,unifiedforhealth.org,"UnifiedForHealth versteht sich als Plattform und Organisation. Sie hat das Bestreben, in Anlehnung an das Nachhaltigkeitsziel 3 der Agenda für nachhaltige Entwicklung, die von der WHO erklärten Zielen zur universellen Gesundheitsversorgung durch seine Projekte zu unterstützen.
 Das Konzept von UFH basiert auf der Etablierung länderübergreifender Partnerschaften, die durch regelmäßigen Erfahrungsaustausch gemeinschaftlich Projekte entwickeln und umsetzen.",team@unifiedforhealth.org,M 19
Universität Bielefeld,,Universität,,,,,,M 19
Universität Bremen,,Universität,,,,,,M 19
Charité,,Universität,,,,,,M 19
Akademie für öffentliches Gesundheitswesen Düsseldorf,,Universität,,,,,,M 19
Tierärzte ohne Grenzen e.V. / Vétérinaires sans Frontières,ToG,NGO,Zivilgesellschaft,,https://www.togev.de/themen.html,"Tierärzte ohne Grenzen e.V. unterstützt Menschen in Ostafrika, deren Lebensgrundlage Landwirtschaft und Tierhaltung bilden. Projektregionen sind Somalia, Kenia, Äthiopien, Südsudan und Sudan. Hier implementieren wir unsere Projekte der Humanitären Hilfe und Entwicklungszusammenarbeit nach dem One Health Ansatz in Bereichen Tiergesundheit, Zoonosenbekämpfung (u.a. NTDs), Ernährungssicherung, Lebensmittelhygiene, Agrarwirtschaft, Einkommenssicherung, Dürreprävention und -bekämpfung sowie Friedensbildung.",antonia.braus@togev.de,M 19
Deutsche Gesellschaft für Public Health -Studierende,,,,,,,,
Mannheimer Institut für Public Health,MIPH,Universitäres Institut,,,https://www.umm.uni-heidelberg.de/miph/,"Das Mannheimer Institut für Public Health, Sozial- und Präventivmedizin (MIPH) ist eine wissenschaftliche Einrichtung der Universität Heidelberg. Hier forscht und lehrt ein multidisziplinäres Team aus Wissenschaftlern, Doktoranden und administrativen Mitarbeitern unter Leitung des Direktors Prof. Dr. med. Joachim Fischer (MSc). Primäres Ziel des MIPH ist die Entwicklung und Implementierung innovativer und ganzheitlicher Strategien zur Erhaltung der Gesundheit und zur Krankheitsprävention in der Gesellschaft. Public Health-Forschung unter Berücksichtigung sozialer, psychologischer und biologischer Kontexte steht hierbei im Mittelpunkt.",,
"Akademie für Gesundheit, Ernährung und Verbraucherschutz",,Ausbildung,,,www.lgl.bayern.de/das_lgl/organisation/abteilungen/stabsstelle_a.htm,,,
"Akademie für Krisenmanagement, Notfallplanung und Zivilschutz am BBK",AKNZ,Ausbildung,,,http://www.bbk.bund.de/DE/AufgabenundAusstattung/AKNZ/aknz_node.html,,,
Akademie für öffentliches Gesundheitswesen Düsseldorf,,Ausbildung,,,http://www.akademie-oegw.de,,,
Bundesarbeitsgemeinschaft für Sicherheit und Gesundheit bei der Arbeit,,Fachgesellschaft,,,www.basi.de,,,
Deutsche Gesellschaft für Arbeits- und Umweltmedizin,,Fachgesellschaft,,,http://www.dgaum.de,,,
Verband Deutscher Betriebs- und Werksärzte e.V.,,Fachgesellschaft,,,http://www.vdbw.de,,,
Deutsche Gesellschaft für Ernährung,DGE,Fachgesellschaft,,,www.dge.de,,,
Arbeitsgemeinschaft der Wissenschaftlichen Medizinischen Fachgesellschaften (AWMF),,Fachgesellschaft,,,,,,
BVÖGD,,Fachgesellschaft,,,www.bvoegd.de,,,
Deutsche Adipositas Gesellschaft,,Fachgesellschaft,,,www.adipositas-gesellschaft.de,,,
Deutsche Gesellschaft für Epidemiologie,DGEpi,Fachgesellschaft,,,http://www.dgepi.de/,,,
Deutsche Gesellschaft für Gesundheit und Prävention e.V.,,Fachgesellschaft,,,www.dggp.org,,,
Deutsche Gesellschaft für Gesundheitsökonomie e.V.,dggö,Fachgesellschaft,,,www.dggoe.de,,,
Deutsche Gesellschaft für Hygiene und Mikrobiologie ,DGHM,Fachgesellschaft,,,http://www.dghm.org/,,,
Deutsche Gesellschaft für Kinder- und Jugendmedizin,,Fachgesellschaft,,,https://www.dgkj.de/,,,
Deutsche Gesellschaft für Krankenhaushygiene,,Fachgesellschaft,,,http://www.krankenhaushygiene.de/,,,
"Deutsche Gesellschaft für Medizinische Informatik, Biometrie und Epidemiologie",GDMS,Fachgesellschaft,,,https://gmds.de/,,,
Deutsche Gesellschaft für Medizinische Soziologie,DGMS,Fachgesellschaft,,,https://www.dgms.de/,,,
Deutsche Gesellschaft für Prävention und Rehabilitation von Herz-Kreislauferkrankungen e.V.,DGPR,Fachgesellschaft,,,http://www.dgpr.de,,,
Deutsche Gesellschaft für Public Health,DGPH,Fachgesellschaft,,,http://www.deutsche-gesellschaft-public-health.de/,,,
Deutsche Gesellschaft für Sozialmedizin und Prävention,DGSMP,Fachgesellschaft,,,http://www.dgsmp.de/,,,
Deutsche Gesellschaft für Sozialpädiatrie und Jugendmedizin,DGSPJ,Fachgesellschaft,,,http://www.dgspj.de/,,,
Gesellschaft der epidemiologischen Krebsregister in Deutschland,GEKID,Fachgesellschaft,,,www.gekid.de,,,
"Gesellschaft für Hygiene, Umweltmedizin und Präventivmedizin",,Fachgesellschaft,,,www.ghup.de,,,
Gesundheitsziele.de,,Patientenorganisation,,,www.gvg.org,,,
Bayerisches Staatsministerium für Gesundheit und Pflege,,Politik,,,www.stmgp.bayern.de,,,
"Behörde für Gesundheit und Verbraucherschutz, Hamburg",,Politik,,,http://www.hamburg.de/bgv/,,,
Bundesministerium der Arbeit und Soziales,BMAS,Ministerium,,,http://www.bmas.de,,,
Bundesministerium des Inneren ,BMI,Ministerium,,,http://www.bmi.bund.de,,,
Bundesministerium für Bildung und Forschung,BMBF,Ministerium,,,www.bmbf.de,,,
Bundesministerium für Ernährung und Landwirtschaft,BMEL,Ministerium,,,https://www.bmel.de,,,
"Bundesministerium für Familie, Senioren, Frauen und Jugend",BMFSJ,Ministerium,,,www.bmfsfj.de,,,
Bundesministerium für Justiz und Verbraucherschutz,BMJV,Ministerium,,,https://www.bmjv.de,,,
"Bundesministerium für Umwelt, Naturschutz, Bau und Reaktorsicherheit (BMUB)",,Ministerium,,,www.bmub.bund.de,,,
"Die Senatorin für Wissenschaft, Gesundheit und Verbraucherschutz in Bremen",,Politik,,,http://www.gesundheit.bremen.de,,,
Gesundheitsministerkonferenz,GMK,Politik,,,,,,
Hessisches Ministerium für Soziales und Integration,,Politik,,,https://soziales.hessen.de/,,,
Kultusministerkonferenz,KMK,Politik,,,https://www.kmk.org/,,,
"Ministerium für Arbeit, Soziales und Integration des Landes Sachsen-Anhalt",,Ministerium,,,ms.sachsen-anhalt.de,,,
"Ministerium für Arbeit, Soziales, Gesundheit und Frauen des Landes Brandenburg",,Ministerium,,,http://www.masgf.brandenburg.de,,,
"Ministerium für Gesundheit, Emanzipation, Pflege und Alter des Landes Nordrhein-Westfalen",,Ministerium,,,www.mgepa.nrw.de,,,
Ministerium für Soziales und Integration des Landes Baden-Württemberg,,Ministerium,,,http://sozialministerium.baden-wuerttemberg.de,,,
"Ministerium für Soziales, Arbeit, Gesundheit und Demografie des Landes Rheinland-Pfalz",,Ministerium,,,msagd.rlp.de,,,
"Ministerium für Soziales, Gesundheit, Frauen und Familie, Saarland",,Ministerium,,,www.saarland.de/ministerium_soziales_gesundheit_frauen_familie.htm,,,
"Ministerium für Soziales, Gesundheit, Wissenschaft und Gleichstellung des Landes Schleswig-Holstein",,Ministerium,,,http://www.schleswig-holstein.de/DE/Landesregierung/VIII/viii_node.html,,,
"Ministerium für Wirtschaft, Arbeit und Gesundheit des Landes Mecklenburg-Vorpommern",,Ministerium,,,http://www.regierung-mv.de/Landesregierung/wm/,,,
"Niedersächsisches Ministerium für Soziales, Gesundheit und Gleichstellung",,Ministerium,,,http://www.ms.niedersachsen.de,,,
Sächsisches Staatsministerium für Soziales und Verbraucherschutz,,Ministerium,,,http://www.sms.sachsen.de/,,,
"Senatsverwaltung für Gesundheit, Pflege und Gleichstellung des Landes Berlin",,Politik,,,www.berlin.de/sen/gpg/,,,
"Thüringer Ministerium für Arbeit, Soziales, Gesundheit, Frauen und Familie",,Ministerium,,,http://www.thueringen.de/th7/tmasgff/,,,
Bundesärztekammer,,Selbstverwaltung,,,http://www.bundesaerztekammer.de/,,,
Deutsche Krankenhausgesellschaft,,Selbstverwaltung,,,www.dkgev.de,,,
Gemeinsamer Bundesausschuss,G-BA,Selbstverwaltung,,,www.g-ba.de,,,
Kassenärztliche Bundesvereinigung,KBV,Selbstverwaltung,,,www.kbv.de,,,
Kassenzahnärztliche Bundesvereinigung (KZBV) Köln,,Selbstverwaltung,,,www.kzbv.de,,,
VDEK,,Selbstverwaltung,,,https://www.vdek.com,,,
AOK Bundesverband,,Sozialversicherung,,,https://nordost.aok.de,,,
Barmer GEK,,Sozialversicherung,,,https://www.barmer.de,,,
GVK-Spitzenverband,,Sozialversicherung,,,www.gkv-spitzenverband.de,,,
Statistisches Bundesamt,,Verwaltung,,,www.destatis.de,,,
Gesunde Städte Netzwerk,,Verwaltung,,,www.gesunde-staedte-netzwerk.de,,,
Arbeitsgemeinschaft der Obersten Landesgesundheitsbehörden,,Verwaltung,,,,,,
Bundesamt für Arzneimittelsicherheit und Medizinprodukte,BfArM,Verwaltung,,,http://www.bfarm.de/DE/Home/home_node.html,,,
Bundesamt für Bevölkerungsschutz und Katastrophenhilfe,BBK,Verwaltung,,,http://www.bbk.bund.de/DE/Home/home_node.html,,,
Bundesamt für Risikobewertung,BfR,Verwaltung,,,,,,
Bundesamt für Verbraucherschutz und Lebensmittelsicherheit (BVL),BLV,Verwaltung,,,http://www.bvl.bund.de/DE/Home/homepage_node.html,,,
Bundesanstalt für Arbeitsschutz und Arbeitsmedizin,BauA,Verwaltung,,,https://www.baua.de/DE/Home/Home_node.html,,,
Umweltbundesamt,UBA,Verwaltung,,,http://www.umweltbundesamt.de/,,,
Veterinäramt Charlottenburg-Wilmersdorf,,Verwaltung,,,https://www.berlin.de/ba-charlottenburg-wilmersdorf/verwaltung/aemter/ordnungsamt/veterinaer-und-lebensmittelaufsicht/,,,
Wissenschaftliches Institut der AOK,WIdO,Wissenschaft,,,www.wido.de,,,
Institut für angewandte Qualitätsförderung und Forschung im Gesundheitswesen,AQUA,Wissenschaft,,,https://www.aqua-institut.de/ueber-uns/,,,
Institut für Qualität und Wirtschaftlichkeit im Gesundheitswesen,IQWIG,Wissenschaft,,,http://www.iqwig.de,,,
Institut für Qualitätssicherung und Transparenz im Gesundheitswesen,IQTiG,Wissenschaft,,,www.iqtig.org,,,
Sachverständigenrat Gesundheit,,Wissenschaft,,,www.svr-gesundheit.de,,,
Einstein Stiftung Berlin,,Wissenschaft,,,http://www.einsteinfoundation.de/,,,
Berliner Institut für Gesundheitsforschung,,Wissenschaft,,,www.bihealth.org,,,
Deutscher Ethikrat,,Wissenschaft,,,www.ethikrat.org,,,
Deutsches Institut für Ernährungsforschung,,Wissenschaft,,,http://www.dife.de/,,,
Deutsches Krebsforschungszentrum,DKFZ,Wissenschaft,,,https://www.dkfz.de/de/dkfz/struktur/organigramm.html,,,
Deutsches Zentrum für Herz-Kreislauf-Forschung e. V.,,Wissenschaft,,,https://dzhk.de/kontakt/,,,
Deutsches Zentrum für Infektionsforschung,,Wissenschaft,,,https://www.virologie.med.tum.de/dzif-deutsches-zentrum-fuer-infektionsforschung/,,,
Deutsches Konsortium für translationale Krebsforschung,,Wissenschaft,,,dktk.dkfz.de,,,
Deutsches Zentrum für Lungenforschung,,Wissenschaft,,,http://www.dzl.de/index.php/de/,,,
Deutsche Forschungsgemeinschaft,,Wissenschaft,,,http://www.dfg.de,,,
DZIF,,Wissenschaft,,,www.dzif.de,,,
Fraunhofer-Verbund Life Sciences,,Wissenschaft,,,www.lifesciences.fraunhofer.de,,,
Friedrich-Löffler-Institut,FLI,Wissenschaft,,,https://www.fli.de/de/kontakt/,,,
Helmholtz Zentrum München,,Wissenschaft,,,https://www.helmholtz-muenchen.de/,,,
Helmholz-Zentrum für Infektionsforschung,HZI,Wissenschaft,,,https://www.helmholtz-hzi.de/de/service/kontakt/?no_cache=1,,,
Leibniz-Gemeinsschaft Sektion C Lebenswissenschaften,,Wissenschaft,,,www.leibniz-gemeinschaft.de/forschung/wissenschaftliches-profil/sektion-c,,,
Leopoldina,,Wissenschaft,,,www.leopoldina.org,,,
Max-Planck-Gesellschaft,,Wissenschaft,,,https://www.mpg.de/de,,,
Max-Planck-Institute (MPI),MPI,Wissenschaft,,,https://www.mpib-berlin.mpg.de/de,,,
Max-Rubner-Institut,MRI,Wissenschaft,,,www.mri.bund.de,,,
Paul-Ehrlich-Institut (PEI),PEI,Wissenschaft,,,http://www.pei.de/DE/home/de-node.html,,,
Gesundheit für alle,,Zivilgesellschaft,,,http://www.gesundheit-ein-menschenrecht.de/,,,
Poliklinik Veddel,,Zivilgesellschaft,,,http://poliklinik1.org/poliklinik-veddel,,,
Bundesarbeitsgemeinschaft der PatientInnenstellen und -initiativen,,Zivilgesellschaft,,,www.bagp.de,,,
Deutscher Behindertenrat,,Zivilgesellschaft,,,www.deutscher-behindertenrat.de,,,
Verbände Selbsthilfe,NAKOS,Zivilgesellschaft,,,www.nakos.de,,,
Verbraucherzentrale,,Zivilgesellschaft,,,www.vzbv.de,,,
Bertelsmann Stiftung,,Zivilgesellschaft,,,www.bertelsmann-stiftung.de,,,
Friedrich-Ebert-Stiftung,,Zivilgesellschaft,,,https://www.fes.de/de/,,,
Heinrich-Böll-Stiftung,,Zivilgesellschaft,,,https://www.boell.de/,,,
Konrad-Adenauer-Stiftung,,Zivilgesellschaft,,,http://www.kas.de/,,,
Robert Bosch Stiftung GmbH,,Zivilgesellschaft,,,www.bosch-stiftung.de,,,
Arbeiterwohlfahrt,AWO,Zivilgesellschaft,,,www.awo.org,,,
Bundesarbeitsgemeinschaft der Freien Wohlfahrtspflege,,Zivilgesellschaft,,,http://www.bagfw.de/,,,
Deutscher Caritasverband,DCV,Zivilgesellschaft,,,www.caritas.de,,,
Deutsches Rotes Kreuz,DRK,Zivilgesellschaft,,,www.drk.de,,,
Diakonie Deutschland,,Zivilgesellschaft,,,https://www.diakonie.de/,,,
Paritätischer Gesamtverband,,Zivilgesellschaft,,,www.paritaet.org,,,
Zentralwohlfahrtsstelle der Juden in Deutschland,,Zivilgesellschaft,,,www.zwst.org,,,
Aktionsbündnis Nichtrauchen,,Zivilgesellschaft,,,http://www.abnr.de/,,,
Deutsches Grünes Kreuz,DGK,Zivilgesellschaft,,,www.dgk.de,,,
Kooperationsverband Gesundheitliche Chancengleichheit,,Zivilgesellschaft,,,www.gesundheitliche-chancengleichheit.de,,,
Aktionsbündnis Patientensicherheit,,Zivilgesellschaft,,,www.aps-ev.de,,,
Landesvereinigungen für Gesundheit,,Zivilgesellschaft (?),,,,,,
Ausschuss für biologische Arbeitsstoffe,ABAS,Zivilschutz,,,www.baua.de,,,
Technisches Hilfswerk,THS,Zivilschutz,,,,,,
Institut für Qualität und Transparenz von Gesundheitsinformationen,,,,,www.iqtg.de,,,
TÜV,,,,,,,,
Arbeitskreis gesundheitsfördernde Hochschulen,,,,,http://www.gesundheitsfoerdernde-hochschulen.de,,,
Berufsgenossenschaften,,,,,,,,
BKK Dachverband,,,,,http://www.bkk-dachverband.de/,,,
Bundesverband Medizinische Versorgungszentren - Gesundheitszentren - Integrierte Versorgung,,,,,http://www.bmvz.de/,,,
Bundesvereinigung Prävention und Gesundheitsförderung,,,,,www.bvpraevention.de,,,
Bundeszentrale für gesundheitliche Aufklärung,BZgA,,,,www.bzga.de,,,
Deutsche Hauptstelle für Suchtfragen e.V.,DHS,,,,www.dhs.de,,,
Deutsche Krebshilfe,,,,,https://www.krebshilfe.de,,,
Deutscher Verkehrssicherheitsrat e.V.,,,,,https://www.dvr.de/,,,
Deutsches Institut für medizinische Dokumentation und Information,DIMDI,,,,www.dimdi.de,,,
Deutsches Netzwerk Gesundheitsfördernder Krankenhäuser und Gesundheitseinrichtungen e.V.,DNGfK,,,,http://dngfk.de/,,,
DGUV,,,,,,,,
Gesundheit Berlin-Brandenburg - Arbeitsgemeinschaft für Gesundheitsförderung,,,,,http://www.gesundheitbb.de,,,
Hamburgische Arbeitsgemeinschaft für Gesundheitsförderung,,,,,http://www.hag-gesundheit.de/,,,
Hessische Arbeitsgemeinschaft für Gesundheitsförderung e.V.,,,,,www.hage.de,,,
Initiative Gesundheit und Arbeit,iga,,,,www.iga-info.de,,,
Initiative Neue Qualität der Arbeit,INQA,,,,www.inqa.de,,,
Landesgesundheitsamt Baden-Württemberg,,,,,https://www.gesundheitsamt-bw.de/lga/DE/Seiten/default.aspx,,,
Landesinstitut für Arbeitsgestaltung des Landes Nordrhein-Westfahlen,,,,,https://www.lia.nrw.de/,,,
Landesvereinigung für Gesundheit Bremen,,,,,http://lvg-gesundheit-bremen.de/,,,
Landesvereinigung für Gesundheit Sachsen-Anhalt,,,,,http://www.lvg-lsa.de,,,
Landesvereinigung für Gesundheit und Akademie für Sozialmedizin Niedersachsen,,,,,http://www.gesundheit-nds.de,,,
Landesvereinigung für Gesundheitsförderung Mecklenburg-Vorpommern,,,,,http://www.gesundheitsfoerderung-mv.de/,,,
Landesvereinigung für Gesundheitsförderung Schleswig-Holstein,,,,,http://lvgfsh.de/gesundheitsfoerderung/startseite.php,,,
Landeszentrale für Gesundheit in Bayern,,,,,http://www.lzg-bayern.de/,,,
Landeszentrale für Gesundheitsförderung in Rheinland-Pfalz,,,,,https://www.lzg-rlp.de/de/,,,
Landeszentrum Gesundheit Nordrhein-Westfahlen,,,,,https://www.lzg.nrw.de/index.html,,,
Langesvereinigung für Gesundheitsförderung Thüringen e.V. ,AGETHUR,,,,http://agethur.de/,,,
Sächsische Landesvereinigung für Gesundheitsförderung,,,,,https://www.slfg.de/,,,
Berufsverband Gesundheitsförderung,,,,,https://www.bv-gesundheitsfoerderung.de/,,,
Globalisation and Health Initiative,,Studentische Initiative,,,https://gandhiaachen.wordpress.com/,,gandhiaachen@googlemail.com,
Medinetz Aachen e.V. ,,Verein,,,medinetzaachen.org ,,medinetzaachen@mailbox.org,
Amnesty International Hochschulgruppe,,Studentische Initiative,,,http://www.amnesty-hsg-aachen.de/Main/Informieren,,info@amnesty-hsg-aachen.de,
Eine Welt Forum Aachen,,Verein,,,https://www.1wf.de/,,1wf@1wf.de,
Aufklärung gegen Tabak,,Verein,,,https://gegentabak.de/universitaet-aachen/,,,
Mit Sicherheit verliebt ,,Studentische Initiative,,,http://www.fsmed-aachen.de/fswiki/index.php/Mit_Sicherheit_Verliebt,,vorsitz.aachen@sicher-verliebt.de,
UAEM,,Studentische Initiative,,,https://de-de.facebook.com/uaemaachen/,,uaem.aachen@gmail.com,
GH Community of Practice Berlin (ehemals Global Health AG),,Studentische Initiative,,,https://globalhealthcharite.wordpress.com/,,global-health@charite.de,
Medical Students for choice ,,Studentische Initiative ,,,https://msfcberlin.com/,,info@msfcberlin.de,
UAEM ,,Studentische Initiative,,,http://fsi-charite.de/universities-allied-for-essential-medicines/,,"rike5@yahoo.de, mathis.simon89@googlemail.com",
Aufklärung gegen Tabak,,Verein,,,https://gegentabak.de/universitaet-berlin/,,aufklaerungtabak@gmailcom,
Mit Sicherheit verliebt ,,Studentische Initiative,,,http://fsi-charite.de/mit-sicherheit-verliebt/,,berlin@sicher-verliebt.de,
Amnesty International Hochschulgruppe - TU,,Studentische Initiative,,,http://www.amnesty-tub.de/,,kontakt@amnesty-tub.de,
Amnesty International Hochschulgruppe - FU,,Studentische Initiative,,,http://amnesty-fu-berlin.de/,,berlin-fu@amnestystudents.org,
Amnesty International Hochschulgruppe - HU,,Studentische Initiative,,,http://www.amnesty-huberlin.de/,"Wir, die Hochschulgruppe von Amnesty International an der HU Berlin und der Charité, sind eine bunte Truppe von Studierenden, denen es wichtig ist, sich für internationale Menschenrechte einzusetzen. Dazu planen wir Veranstaltungen und Events, um den Blick auf Themen wie den Jemen-Krieg, weibliche Genitalverstümmelung oder die Verfolgung von LGBTQI*-Menschen zu lenken und die Leute anzuregen, ihr eigenes Weltbild zu hinterfragen und beispielsweise durch das Unterzeichnen von Petitionen selbst die Arbeit von Amnesty International zu unterstützen. Denn jede*r kann gegen Menschenrechtsverletzungen tätig werden!",amnesty.hu.berlin@gmail.com,
IPPNW Studierendengruppe,,Studentische Initiative,,,fsi-charite.de/ippnw/,,Frida-Elisa.michels@charite.de,
AG welcome+Med ,,Studentische Initiative,,,http://fsi-charite.de/ag-welcomemed/,,welcomemedberlin@gmail.com,
Diagnost-x,,Studentische Initiative,,,https://diagnost-x.de/,,,
Young Leaders for Health,,Verein,,,https://www.youngleadersforhealth.org/,,,
MediBüro Berlin,,Verein,,,https://medibuero.de/,,info@medibuero.de,
open.med Berlin,,,,,https://www.aerztederwelt.org/wem-wir-beistehen/hilfe-fuer-patientinnen,,open.med@medizin-hilft.org,
Kritische Mediziner*innen,,Studentische Initiative,,,http://kritischemedizinerinnen.blogsport.eu/,,kritischemediziner_innen@riseup.net,
Nachwuchsnetzwerk Öffentliche Gesundheit (NÖG),,Studentische Initiative,,,http://noeg.org/,,,
Students for Planetary Health Berlin (SfPHBerlin),,Studentische Initiative,,,https://plattform-n.org/project/students-for-planetary-health-berlin-sf/,"Wir sind eine interdisziplinäre Studierenden-Initiative mit dem Ziel, die Strömung Planetary Health voranzubringen und für die Planetare Gesundheit als solche zu wirken. Wir organisieren Workshops, Projekte und Aktionen für verschiedene Zielgruppen und wollen uns austauschen, weiterbilden und vernetzen.",planetaryhealth.berlin@gmail.com,
MSV für minderjährige Geflüchtete,,Studentische Initiative,,,,,,
Malteser Migranten Medizin,,Verein,,,https://www.malteser-berlin.de/migration-auslandsdienst/malteser-medizin-fuer-menschen-ohne-krankenversicherung.html,,mmmedizin@malteser-berlin.de,
AG Public Health,,Studentische Initiative,,,http://fsi-charite.de/ag-public-health/,,public-health@fsi-charite.de,
Refugee Law Clinic,,Verein,,,https://www.rlc-berlin.org,,info@rlc-berlin.org,
Mit Sicherheit verliebt ,,Studentische Initiative,,,,,bochum@sicher-verliebt.de,
You-Manity,,Studentische Initiative ,,,http://bochum.you-manity.org/,,bochum@you-manity.org,
AG Gesundheitspolitik ,,Studentische Initiative,,,http://www.fsmed.ruhr-uni-bochum.de/bvmd/SCOHP/index.html,,nohp@bvmd.de,
Aufklärung gegen Tabak,,Verein,,,https://gegentabak.de/universitaet-bochum/,,,
IPPNW Studierendengruppe,,Studentische Initiative,,,https://www.ippnw.de/der-verein/studierende/studierendengruppen/artikel/de/ruhr-uni-bochum-und-uni-witten-her.html,,medizinstudierende-in-sozialer-verantwortung@posteo.de,
Amnesty International Hochschulgruppe,,Studentische Initiative,,,https://bochum.amnesty-international.de/,,bochum@amnestystudents.org,
Kooperation mit Plan B,,,,,,,,
Medizinische Flüchtlingshilfe Bochum e.V. ,,Verein,,,https://mfh-bochum.de/,,info@mfh-bochum.de,
Refugee Law Clinic,,Verein,,,http://rlc-bochum.de,,http://rlc-bochum.de/index.php/kontakt/,
Kritische Mediziner*innen,,Studentische Initiative,,,https://kritmedbonn.wordpress.com/,,kritische_medizinstudent.innen_bonn@riseup.net,
Mit Sicherheit verliebt ,,Studentische Initiative,,,https://fachschaftmedizin.uni-bonn.de/mit-sicherheit-verliebt/,,bonn@sicher-verliebt.de,
Amnesty International Hochschulgruppe,,Studentische Initiative,,,http://amnesty-bonn-uni.de/,,1066@amnesty-bonn.de,
Aufklärung gegen Tabak,,Verein,,,https://gegentabak.de/universitaet-bonn/,,bonn@gegentabak.de,
Medinetz Bonn,,Verein,,, medinetzbonn@mailbox.org,Das MediNetzBonn vermittelt Menschen ohne Papiere einen Zugang zu medizinischer Versorgung.,medinetzbonn@mailbox.org,
IPPNW Studierendengruppe,,Studentische Initiative,,,,,,
Mit Sicherheit verliebt ,,Studentische Initiative,,,https://www.facebook.com/Mit-Sicherheit-verliebt-Dresden,,dresden@sicher-verliebt.de,
Aufklärung gegen Tabak,,Verein,,,https://gegentabak.de/universitaet-dresden/,,,
on the move,,Studentische Initiative,,,https://www.on-the-move.de/,,info@on-the-move.de,
Amnesty International Hochschulgruppe,,Studentische Initiative,,,http://amnesty-hochschulgruppe-dresden.de/,,info@amnesty-hochschulgruppe-dresden.de,
Medinetz Dresden,,Verein,,,https://www.medinetz-dresden.org,,medinetzdresden@gmx.de,
Refugee Law Clinic,,Verein,,,https://tu-dresden.de/gsw/der-bereich/profil/zentren/zfi/forschung-und-praxis/refugee-law-clinic,"Die Refugee Law Clinic Dresden ist ein Team aus Studierenden und Lehrbeauftragten, das ehrenamtlich kostenlose Rechtsberatung für Geflüchtete anbietet.",Refugee-LawClinic@mailbox.tu-dresden.de,
IDA - Initiative Deutschkurse für Asylsuchende,,Studentische Initiative,,,https://www.ida-dresden.de/de/ueber-uns/konzept/,,ida-dresden@mailbox.tu-dresden.de,
Mit Sicherheit verliebt ,,Studentische Initiative,,,,,essen@sicher-verliebt.de,
Aufklärung gegen Tabak,,Verein,,,https://gegentabak.de/universitaet-essen/,,,
Medinetz Essen e.V.,,Verein,,,,,info@medinetz-essen.de,
IPPNW Studierendengruppe,,Studentische Initiative,,,http://fsmed.de/projekte/ideell-unterstuetzte-projekte/ippnw/,,duesseldorf@ippnw.de,
AG Flüchtlingshilfe ,,Studentische Initiative,,,http://fsmed.de/projekte/ag-fluechtlingshilfe/,,projekt.fluechtlingshilfe@fsmed.de,
Mit Sicherheit verliebt ,,Studentische Initiative,,,http://fsmed.de/mit-sicherheit-verliebt-grundlagen-workshop/,,sicher-verliebt@uni-duesseldorf.de,
Aufklärung gegen Tabak,,Verein,,,http://gegentabak.de/universitaet-duesseldorf/,,gegentabak-hhu@web.de,
Amnesty International Hochschulgruppe,,Studentische Initiative,,,http://www.amnesty-hhu.de/,,duesseldorf@amnestystudents.org,
Stay - Medinetz Düsseldorf,,Verein,,,https://www.stay-duesseldorf.de/medinetz/,,medinetz@stay-duesseldorf.de,
Refugee Law Clinic,,Verein ,,,https://rlc-duesseldorf.de/,,http://rlc-duesseldorf.de/de/interessierte/#contact_form_7,
Amnesty International Hochschulgruppe,,Studentische Initiative,,,uni.amnesty-erlangen.de,,erlangen@amnestystudents.org,
Aufklärung gegen Tabak,,Verein,,,https://gegentabak.de/universitaet-erlangen/,,agt.unierlangen@gmail.com,
Mit Sicherheit verliebt ,,Studentische Initiative,,,https://blogs.fau.de/kanuele/mit-sicherheit-verliebt/,,erlangen@sicher-verliebt.de,
Medizin & Menschenrechte Erlangen / Medizinische Flüchtlingshilfe Erlangen,,Studentische Initiative,,,https://blogs.fau.de/medmensch/,,medizinundmenschenrechte@yahoo.de,
Medizinische Flüchtlingshilfe - Projekt der AG Medizin und Menschenrechte,,Studentische Initiative ,,,http://www.fmm.med.uni-erlangen.de/med-flchtlingshilfe.shtml,,,
Amnesty International Hochschulgruppe,,Studentische Initiative,,,https://www.facebook.com/Amnesty-International-Hochschulgruppe-N%C3%BCrnberg-223625674892942,,nuernberg@amnestystudents.org,
Refugee Law Clinic,,Verein,,,http://www.rlc-erlangen.de,,info@rlc-erlangen.de,
MfM Mediziner_Innen für Menschenrechte / Junge IPPNW Frankfurt,,Studentische Initiative,,,http://www.mfm-frankfurt.de/,,mail@mfm-frankfurt.de ,
StuPoli - Studentische Poliklinik Frankfurt ,,Studentische Initiative,,,https://de-de.facebook.com/StuPoli/,,,
Mit Sicherheit verliebt ,,Studentische Initiative,,,https://mitsicherheitverliebt.blogspot.com/,,frankfurt@sicher-verliebt.de,
Malteser Migranten Medizin,,Verein ,,,http://www.malteser-frankfurt.de/dienste-und-leistungen/weitere-dienstleistungen/malteser-migranten-medizin.html,,info@malteser-frankfurt.de,
Aufklärung gegen Tabak,,Verein,,,https://gegentabak.de/uni-frankfurt/,,,
Amnesty International Hochschulgruppe,,Studentische Initiative,,,https://unifrankfurt.amnesty-international.de/,,frankfurt-main@amnestystudents.org,
Aufklärung gegen Tabak,,Verein,,,http://www.ofamed.de/projekte/aufklaerung_gegen_tabak.htm,,agt@ofamed.de,
MIO - Menschenrechtsinitiative der Offenen Fachschaft Medizin,,Studentische Initiative,,,http://www.ofamed.de/projekte/menschenrechtsinitiative_ofamed.htm,,mio @ ofamed.de,
Kritische Mediziner*innen,,Studentische Initiative,,,http://kritmedis.de/,,kritmedisfr@riseup.net,
UAEM,,Studentische Initiative,,,https://www.facebook.com/UAEMFreiburg/,,,
Mit Sicherheit verliebt ,,Studentische Initiative,,,http://www.ofamed.de/projekte/mit_sicherheit_verliebt.htm,,msv@ofamed.de,
Medinetz Freiburg,,Verein,,,http://www.medinetz.rasthaus-freiburg.org,,info@medinetz.rasthaus-freiburg.org,
Amnesty International Hochschulgruppe,,Studentische Initiative,,,https://freiburg.amnesty-international.de/gruppen/hochschulgruppefreiburg,,freiburg@amnestystudents.org,
Refugee Law Clinic,,Verein,,,https://rlc-freiburg.org,,info@rlc-freiburg.org,
Unified for health,,Studentische Initiative,,,,,,
Mit Sicherheit verliebt ,,Studentische Initiative,,,https://www.facebook.com/MSVGiessen,,giessen@sicher-verliebt.de,
AG - Ethik in der Medizin,,Studentische Initiative,,,http://fsmed.net/projekte-im-fachbereich/ag-ethik/,,Ethik.AG@med.uni-giessen.de,
Aufklärung gegen Tabak,,Verein,,,http://fsmed.net/projekte-im-fachbereich/aufklarung-gegen-tabak-e-v/,,aufklaerung.tabak@paediat.med.uni-giessen.de,
Medinetz Gießen,,Verein,,,www.medinetz-giessen.de/,,medinetz@medinetz-giessen.de,
Refugee Law Clinic,,Verein,,,www.refugeelawclinic.de,Die Refugee Law Clinic Gießen ist ein praxisbezogenes Ausbildungsprogramm im Asyl- und Flüchtlingsrecht für Studierende. Im Rahmen der Ausbildung bieten Studierende Geflüchteten ehrenamtlich Rechtsberatung hinsichtlich des Asylverfahrens an.,rlc@recht.uni-giessen.de,
IPPNW Studierendengruppe,,Studentische Initiative ,,,https://www.uni-goettingen.de/de/ippnw+deutschland+-++internationale+%C3%84rzte+f%C3%BCr+die+verh%C3%BCtung+des+atomkrieges+/+%C3%84rzte+in+sozialer+verantwortung+e.v./118860.html,,,
Basisgruppe Medizin,,Studentische Initiative ,,,http://www.bgmed.org/doku.php,,info@bgmed.org,
Medinetz Göttingen - solidarity with migrants,,Verein ,,,http://www.medinetz-goettingen.de/,,medinetz_goettingen@posteo.de,
Mit Sicherheit verliebt ,,Studentische Initiative,,,https://www.facebook.com/msvgoettingen,,goettingen@sicher-verliebt.de,
Aufklärung gegen Tabak,,Verein,,,https://gegentabak.de/universitaet-goettingen/,,,
Amnesty International Hochschulgruppe,,Studentische Initiative,,,http://www.amnesty-uni-goettingen.de/,,aigoe1121@gmail.com,
Refugee Law Clinic,,Verein,,,https://rlc-goettingen.de,,https://rlc-goettingen.de/kontakt/,
Katastrophenmedizin und Humanitäre Arbeit ,,Studentische Initiative,,,https://www.fsrmed.de/lokalprojekte/katastrophenmedizin.html,,,
Medizin und Menschenrechte,,Studentische Initiative ,,,http://neu.mum-hgw.de/,,medizin.menschenrechte@gmail.com,
Mit Sicherheit verliebt ,,Studentische Initiative,,,https://www.fsrmed.de/lokalprojekte/mit-sicherheit-verliebt-msv.html,,info@msv-greifswald.de,
Amnesty International Hochschulgruppe,,Studentische Initiative,,,https://greifswald.amnesty-international.de/,,greifswald@amnestystudents.org,
Amnesty International Hochschulgruppe,,Studentische Initiative,,,http://ai-campus.de/en/,,kontakt@halle.ai-campus.de,
Mit Sicherheit verliebt ,,Studentische Initiative,,,https://www.msv-halle.com/,,halle@sicher-verliebt.de,
Medinetz Halle ,,Verein,,,https://medinetz-halle.de/,,mail@medinetz-halle.de,
Malteser Migranten Medizin,,Verein,,,https://www.malteser-hamburg.de/dienste-und-leistungen/weitere-dienstleistungen/malteser-migranten-medizin.html,,malteser.hamburg@malteser.org ,
Medibuero Hamburg,,Verein,,,http://www.medibuero-hamburg.org/,,info@medibuero-hamburg.org,
Mit Sicherheit verliebt ,,Studentische Initiative,,,https://www.facebook.com/MitSicherheitVerliebt.Hamburg,,hamburg@sicher-verliebt.de,
UAEM,,Studentische Initiative,,,https://medizin-hamburg.de/projekte/uaem-universities-allied-for-essential-medicines/,,uaem.hamburg@gmail.com,
Migrantenmedizin westend ,,,,,https://www.aerztederwelt.org/presse-und-publikationen/publikationen/2016/04/26/projekt-openmed-muenchen,,openmed@aerztewelt.org,
Refugee Law Clinic,,Verein,,,https://rlc-hh.de/de/,,rlc-team@uni-hamburg.de,
Aufklärung gegen Tabak,,Verein,,,https://gegentabak.de/universitaet-hamburg/,,,
Amnesty International Hochschulgruppe,,Studentische Initiative,,,http://www.amnesty-uni-hamburg.de/,,hamburg@amnestystudents.org,
Medinetz Hannover,,Verein,,,https://www.medinetz-hannover.de/de/,,medinetz-hannover@posteo.de,
Mit Sicherheit verliebt ,,Studentische Initiative,,,https://msv-hannover.wixsite.com/msv-hannover,,hannover@sicher-verliebt.de,
AstA-Referat für Internationales / Projektgruppe Globale Gesundheit Hannover,,Studentische Initiative,,,https://www.mh-hannover.de/802.html,,internationales@mhh-asta.de,
IPPNW Studierendengruppe,,Studentische Initiative,,,https://www.ippnw.de/der-verein/studierende/studierendengruppen/artikel/de/hannover.html,,ippnw@mhh-asta.de,
Malteser Migranten Medizin,,Verein,,,,,mmm@malteser-hannnover.de,
Medizinische Flüchtlingssolidarität,,,,,https://de-de.facebook.com/people/Mfs-Medizinische-Fl%C3%BCchtlingssolidarit%C3%A4t-Hannover/100000864502028,,,
Aufklärung gegen Tabak,,Verein,,,https://gegentabak.de/universitaet-hannover/,,agt@mhh-asta.de,
Amnesty International Hochschulgruppe,,Studentische Initiative,,,https://www.amnesty-hannover.de/index.php/wir-ueber-uns.html,,hannover@amnestystudents.org,
Refugee Law Clinic,,Verein,,,https://rlc-hannover.de,,mail@rlc-hannover.de,
Aufklärung gegen Tabak,,Verein,,,https://www.fsmed-hd.de/fachschaft/arbeitskreise/aufklaerung-gegen-tabak/,,,
Mit Sicherheit verliebt ,,Studentische Initiative,,,https://msv-hannover.wixsite.com/msv-hannover,,heidelberg@sicher-verliebt.de,
Medinetz Rhein Neckar,,Verein,,,http://medinetz-rhein-neckar.de/,,mail@medinetz-rhein-neckar.de,
Medical Students for Refugees ,,,,,https://de-de.facebook.com/FsMedHD/posts/frohes.../1123040987720424/,,,
Amnesty International Hochschulgruppe,,Studentische Initiative,,,http://www.amnesty-heidelberg.de/Main/Start,,gruppensprecher1369@gmx.de,
UAEM,,Studentische Initiative,,,https://dschungelbuch.stura.uni-heidelberg.de/index.php/Universities_Allied_for_Essential_Medicines_(UAEM),,uaem-hd@listserv.uni-heidelberg.de,
Medizinstudentische Initiative die sich für Geflüchtete engagiert,,Studentische Initiative ,,,,,,
Mit Sicherheit verliebt ,,Studentische Initiative,,,https://mzmh.de/mitsicherheitverliebt/home,,homburg@sicher-verliebt.de,
Aufklärung gegen Tabak,,Verein,,,https://gegentabak.de/universitaet-homburg/,,agt-homburg@outlook.com,
Eine Welt AG Homburg,,Studentische Initiative,,,https://www.facebook.com/EineWeltAGHomburg/,,,
Amnesty International Hochschulgruppe,,Studentische Initiative,,,http://amnesty-uni-jena.de/,,jena@amnestystudents.org,
Medinetz Jena,,Verein,,,http://fsrmed-jena.de/wp/projekte/medinetz-anonymer-krankenschein/,,medinetz@listserv.uni-jena.de,
IPPNW Studierendengruppe / Medinetz Jena,,Studentische Initiative,,,http://fsrmed-jena.de/wp/projekte/medinetz-anonymer-krankenschein/,,kontakt@medinetz-jena.de,
Mit Sicherheit verliebt ,,Studentische Initiative,,,http://fsrmed-jena.de/wp/projekte/mit-sicherheit-verliebt/,,msv-jena@gmx.de,
Aufklärung gegen Tabak,,Verein,,,http://fsrmed-jena.de/wp/projekte/aufklaerung-gegen-tabak/,,agt.jena@gmail.com,
Refugee Law Clinic,,Verein,,,https://rlc-jena.de,,rlc_jena@riseup.net,
Amnesty International Hochschulgruppe,,Studentische Initiative,,,http://amnesty-uni-kiel.de/,,kiel@amnestystudents.org,
Medibuero Kiel,,Verein,,,https://www.medibuero-kiel.de/,,info@medibuero-kiel.de,
Mit Sicherheit verliebt ,,Studentische Initiative,,,http://www.fs-medizin.uni-kiel.de/wp2/wordpress/index.php/arbeitsgruppen/mit-sicherheit-verliebt/,,sicher.verliebt.kiel@googlemail.com,
Aufklärung gegen Tabak,,Verein,,,https://gegentabak.de/universitaet-kiel/,,,
Medizin und Menschenrechte,,Studentische Initiative,,,http://www.fs-medizin.uni-kiel.de/wp2/wordpress/index.php/arbeitsgruppen/medizin-und-menschenrechte/,,mmk@fs-medizin.uni-kiel.de,
Refugee Law Clinic,,Verein,,,http://law-clinic-kiel.de,,info@law-clinic-kiel.de,
Kritische Medizinstudierende,,Studentische Initiative,,,http://www.krit-med.uni-koeln.de/,,kritischemedizinstudierende@posteo.de,
Amnesty International Hochschulgruppe,,Studentische Initiative,,,http://www.amnesty-hsgkoeln.de/,,amnesty@uni-koeln.de ,
Mit Sicherheit verliebt ,,Studentische Initiative,,,http://www.fsmed-koeln.de/20800.html,,koeln@sicher-verliebt.de,
UAEM ,,Studentische Initiative,,,https://www.facebook.com/uaemkoeln/,Bei UAEM Köln beschäftigen wir uns mit bedarfsgerechter Medikamentenforschung und der Rolle unserer Universitäten für den weltweiten Zugang zu Medikamenten.,,
Refugee Law Clinic,,Verein,,,http://lawcliniccologne.com/,,info@lawcliniccologne.com,
AG Health Buddies for Refugees,,Studentische Initiative,,,http://www.fsmed-koeln.de/20801.html,,orga-healthbuddies-refugees@gmx.de,
Malteser Migranten Medizin,,Verein,,,https://www.malteser-koeln.de/dienste-und-leistungen/weitere-dienstleistungen/malteser-medizin-fuer-menschen-ohne-krankenversicherung.html,,MMM.Koeln@Malteser.org,
AG Aufklärung gegen Tabak,,Verein,,,http://www.fsmed-koeln.de/29352.html,,agtkoeln@gmail.com,
UAEM Leipzig,,Studentische Initiative ,,,https://sturamed-leipzig.de/partner/uaem-leipzig/,,kontakt@uaem-leipzig.de,
IPPNW Studierendengruppe,,Studentische Initiative ,,,https://www.ippnw.de/der-verein/studierende/studierendengruppen/artikel/de/leipzig.html,,studigruppe-leipzig@ippnw-lists.de,
Mit Sicherheit verliebt ,,Studentische Initiative,,,https://sturamed-leipzig.de/partner/mit-sicherheit-verliebt/,,msvleipzig@gmail.com,
Medinetz Leipzig,,Verein,,,http://www.medinetz-leipzig.de/index.php?id=1,,kontakt@medinetz-leipzig.de,
Amnesty International Hochschulgruppe,,Studentische Initiative,,,http://www.amnesty-hochschulgruppe-leipzig.de/,,ai.hochschulgruppe.leipzig@googlemail.de,
IPPNW Studierendengruppe,,Studentische Initiative,,,https://www.fsmed.uni-luebeck.de/ags/ippnw/,"Wir sind eine der deutschlandweiten Studigruppen der ""IPPNW"" und beschäftigen uns mit Themen rund um Atomwaffen und Abrüstung, arbeiten aber auch zu Klima und Gesundheit und anderen Bereichen von sozialen Verantwortung in der Medizin und darüber hinaus. ",luebeck@ippnw.de,
Medibuero Lübeck,,Verein,,,www.medibuero-hl.de,,medibuero.hl@googlemail.com,
UAEM Lübeck,,Studentische Initiative,,,https://www.fsmed.uni-luebeck.de/ags/uaem-universities-allied-for-essential-medicines/,,uaem@fsmed.uni-luebeck.de,
Mit Sicherheit verliebt ,,Studentische Initiative,,,https://www.fsmed.uni-luebeck.de/ags/msv,,luebeck@sicher-verliebt.de,
Amnesty International Hochschulgruppe,,Studentische Initiative,,,https://amnesty-luebeck.de/,,luebeck@amnestystudents.org,
Aufklärung gegen Tabak,,Verein,,,https://gegentabak.de/universitaet-luebeck/,,agt.luebeck@gmail.com,
Einblick schafft Durchblick,,Studentische Initiative,,,https://www.fsmed.uni-luebeck.de/ags/einblick-schafft-durchblick/,,,
Amnesty International Hochschulgruppe,,Studentische Initiative,,,https://www.amnesty.de/mitmachen/gruppe-finden/hochschulgruppe-magdeburg,,magdeburg@amnestystudents.org,
Mit Sicherheit verliebt ,,Studentische Initiative,,,https://www.facebook.com/Mit-Sicherheit-Verliebt-Magdeburg,,magdeburg@sicher-verliebt.de,
Medinetz Magdeburg,,Verein,,,http://medinetz-magdeburg.de/,,kontakt@medinetz-magdeburg.de,
Aufklärung gegen Tabak,,Verein,,,https://gegentabak.de/universitaet-mainz/,,agt.mainz@outlook.com,
Mit Sicherheit verliebt ,,Studentische Initiative,,,https://www.campus-mainz.net/newsdetails/news/mit-sicherheit-verliebt/,,mainz@sicher-verliebt.de,
Medinetz Mainz,,Verein,,,http://www.medinetzmainz.de/,,info@medinetzmainz.de,
IPPNW Studierendengruppe,,Studentische Initiative,,,https://www.ippnw.de/der-verein/studierende/studierendengruppen/artikel/de/mainz.html,,,
Refugee Law Clinic,,Verein,,,https://www.rlc.uni-mainz.de,,info@rlc.uni-mainz.de,
Amnesty International Hochschulgruppe,,Studentische Initiative,,,http://amnesty-uni-mannheim.de/wordpress/,,info@amnesty-uni-mannheim.de,
Aufklärung gegen Tabak,,Verein,,,https://fimm-online.de/pw/projekte/aufklarung-gegen-tabak-mannheim/,,gegentabak.mannheim@gmail.com,
Mit Sicherheit verliebt ,,Studentische Initiative,,,https://www.facebook.com/msvmannheim,,mannheim@sicher-verliebt.de,
Medinetz Rhein Neckar,,Verein,,,http://medinetz-rhein-neckar.de/,,mail@medinetz-rhein-neckar.de,
Malteser Migranten Medizin,,Verein,,,https://www.malteser-mannheim.de/dienste-und-leistungen/weitere-dienstleistungen/malteser-medizin-fuer-menschen-ohne-krankenversicherung-mmm.html,,mmm.mannheiem@malteser.org,
bvmd AG Gesundheitspolitik,,Studentische Initiative,,,https://fimm-online.de/pw/projekte/gesundheitspolitik/,,gesundheitspolitik@fimm-online.de,
Amnesty International Hochschulgruppe,,Studentische Initiative,,,,,marburg@amnestystudents.org,
Aufklärung gegen Tabak,,Verein,,,https://gegentabak.de/universitaet-marburg/,,,
Mit Sicherheit verliebt ,,Studentische Initiative,,,https://www.facebook.com/msv.Marburg,,marburg@sicher-verliebt.de,
Medinetz Marburg,,Verein,,,https://www.medinetz-marburg.de/,,info@medinetz-marburg.de,
Lessons in Health,,Studentische Initiative,,,,,https://l.facebook.com/l.php?u=https%3A%2F%2Fm.me%2FLessonsInHealthMarburg%3Ffbclid%3DIwAR19jE6EjphZ7iJD1I4mzGsYY_-dxO0c7d6NU606n8prKvfPZGUyZC1wCBQ&h=AT2fD6V4cRW4Pk1rPNbeEfIMy3MBjakCm4H0Xupv4gxygfovVO4G8BTdZg__Hi7DNx257xHp1vX-qtbhCg4WS7epSYd49j8TqjK1Q2ILzG_lkkSLTD-htqLw6uvbF3RWp63mZCU7wz9GLEzDnYLQLrK_,
open.med ,,,,,,,,
Amnesty International Hochschulgruppe,,Studentische Initiative,,,http://www.amnesty-muenchen-lmu.de/,,info@amnesty-muenchen-lmu.de,
Malteser Migranten Medizin,,Verein,,,http://www.malteser-dgs-muenchen.de/mmm/migranten_medizin.htm,,migranten-medizin-muenchen@malteser.org,
Mit Sicherheit verliebt,,Studentische Initiative,,,https://www.fachschaft-medizin.de/msv-mit-sicherheit-verliebt/,,msvmuenchen@gmail.com,
IPPNW Studierendengruppe,,Studentische Initiative,,,https://www.ippnw.de/der-verein/studierende/studierendengruppen/artikel/de/muenchen.html,,ippnw.muenchen@gmail.com,
Refugee Law Clinic,,Verein,,,http://rlcm.de,,mitglieder@rlcm.de,
UAEM,,Studentische Initiative,,,https://www.fachschaft-medizin.de/uaem/,,muenchen@uaem-germany.de,
Migramed,,Verein,,,https://www.migramedmuenchen.de/,,migramed.muenchen@googlemail.com,
Go ahead,,Studentische Initiative,,,https://www.fachschaft-medizin.de/go-ahead/,"Wir sind eine Hochschulgruppe an der LMU München und Teil des Vereins GoAhead!. Dabei engagieren wir uns zum einen für eine bessere Aufklärung über HIV 
und zum anderen organisieren wir verschiedene Events zum Fundraising unserer Partnerprojekte in Subsahara Afrika.",muenchen@goahead-organisation.de,
Aufklärung gegen Tabak,,Verein,,,https://gegentabak.de/universitaet-muenchen/,,,
Mit Sicherheit verliebt (LMU),,Studentische Initiative,,,https://www.sv.tum.de/med/projekte/msv/,,,
Nachwuchsnetzwerk Öffentliche Gesundheit (NÖG),,Studentische Initiative,,,http://noeg.org/,,,
Doktordeutsch ,,Studentische Initiative ,,,https://www.bvmd.de/unsere-arbeit/arbeitsgruppen/ag-medizin-und-menschenrechte/scorp-projekte/,Das Ziel des Projektes DoktorDeutsch ist die kostenlose schriftliche Übersetzung von medizinischen Dokumenten von Asylsuchenden. Die Übersetzungen werden hierbei von Medizinstudenten des klinischen Studienabschnittes erstellt und sollen so einen einfachen Zugang zu essentiellen medizinischen Informationen zum Krankheitsverlauf einer Person ermöglichen.,doktordeutsch@bvmd.de,
Mit Sicherheit verliebt ,,Studentische Initiative,,,https://www.fsmed-muenster.de/projekte/mit-sicherheit-verliebt/,,muenster@sicher-verliebt.de,
IPPNW Studierendengruppe,,Studentische Initiative,,,https://www.ippnw.de/der-verein/studierende/studierendengruppen/artikel/de/muenster.html,,studis-muenster@ippnw.de,
Malteser Migranten Medizin,,Verein,,,https://www.malteser-muenster.de/dienste-und-leistungen/weitere-dienstleistungen/malteser-medizin-fuer-menschen-ohne-krankenversicherung.html,,sprechstunde@malteser-muenster.de,
Amnesty International Hochschulgruppe,,Studentische Initiative,,,www.amnesty-muenster-osnabrueck.de/gruppen/hochschulgruppe-1101/,,muenster@amnestystudents.org,
Aufklärung gegen Tabak - Münster,,Verein,,,https://gegentabak.de/universitaet-muenster/,,Muenster@gegentabak.de,
UAEM,,Studentische Initiative ,,,https://medicampus.uni-muenster.de/7345.html,,,
Global Health Studierendengruppe,,Studentische Initiative,,,https://www.uni-regensburg.de/medizin/global-health/index.html,,global.health@ukr.de,
IPPNW Studierendengruppe,,Studentische Initiative,,,https://www.ippnw.de/der-verein/studierende/studierendengruppen/artikel/de/regensburg.html,,,
Migrantenmedizin Regensburg,,Verein,,,http://migramed.de/,,info@migramed.org,
Mit Sicherheit verliebt ,,Studentische Initiative,,,http://fsmed-regensburg.de/arbeitsgruppen/ag-msv-mit-sicherheit-verliebt/,,Regensburg@sicher-verliebt.de,
Aufklärung gegen Tabak,,Verein,,,http://fsmed-regensburg.de/arbeitsgruppen/agt-aufklaerung-gegen-tabak/,,regensburg@gegentabak.de,
Refugee Law Clinic,,Verein,,,https://rlc-regensburg.de,,https://rlc-regensburg.de/kontaktformular/,
Medinetz / IPPNW Studierendengruppe,,Verein ,,,https://www.medinetz-rostock.de/,,info@medinetz-rostock.de,
Mit Sicherheit verliebt ,,Studentische Initiative,,,https://fachschaft.med.uni-rostock.de/projekte/msv/,,rostock@sicher-verliebt.de,
Aufklärung gegen Tabak,,Verein,,,https://gegentabak.de/universitaet-rostock/,,,
Rostocker Netzwerk für interkulturellen Austausch in der Medizin,,Studentische Initiative,,,https://fachschaft.med.uni-rostock.de/projekte/ronia-med/,,,
Refugee Law Clinic,,Verein,,,https://www.facebook.com/lawclinicrostock/,"Die ""Rostock Law Clinic for Public and International Law"" (LCR) ist eine Projektinitiative von Studierenden und Professorinnen der Juristischen Fakultät der Universität Rostock. Sie hat sich dem Zeil Verschrieben, Geflüchteten und anderen, die aufgrund ihres aufenthaltsrechtlichen Status rechtliche, administrative oder organisatorische Fragen haben, zu helfen.",lawclinic@uni-rostock.de,
You-Manity ,,Verein,,,http://tuebingen.you-manity.org/,,tuebingen@you-manity.org,
IPPNW Studierendengruppe,,Studentische Initiative,,,https://fachschaftmedizin.de/arbeitskreise/ak-ippnw/,,ippnw.tue@fachschaftmedizin.de,
Mit Sicherheit verliebt ,,Studentische Initiative,,,https://fachschaftmedizin.de/arbeitskreise/msv/,,tuebingen@sicher-verliebt.de,
Wissenshunger,,Studentische Initiative,,,https://fachschaftmedizin.de/arbeitskreise/ak-wissenshunger/,,wissenshunger@fachschaftmedizin.de,
Aufklärung gegen Tabak,,Verein,,,https://fachschaftmedizin.de/arbeitskreise/agt/,"Wir betreiben an Schulen in 7. Und 8. Klassen Aufklärungsarbeit zu Sucht und Tabakkonsum. Dabei setzen wir auf die Kombination aus einer Aulapräsentation und interaktiver Kleingruppenarbeit mit Experimenten und Spielen, um die Jugendlichen auf ihrer Entwicklungsstufe und in ihrer Lebenswirklichkeit zu erreichen.",agt@fachschaftmedizin.de,
Medinetz Tübingen,,Verein,,,http://medinetz-tuebingen.de/,"Das Medinetz Tübingen e.V. ist eine NGO, die Menschen ohne Krankenversicherung und ohne Zugang zum Gesundheitssystem anonym und ohne Kosten an ÄrztInnen/TherapeutInnen bzw. Kliniken vermitteln.",medinetz-tuebingen@posteo.de,
Refugee Law Clinic,,Verein,,,https://lawandlegal.de/refugees/tuebingen-refugee-law-clinic,,https://lawandlegal.de/anfrage,
Medinetz Ulm,,Verein,,,www.medinetz-ulm.de,,kontakt@medinetz-ulm.de,
Mit Sicherheit verliebt ,,Studentische Initiative,,,https://www.uni-ulm.de/med/med-fs/aktivitaeten/bvmd-mit-sicherheit-verliebt/,,ulm@sicher-verliebt.de,
Amnesty International Hochschulgruppe,,Studentische Initiative,,,http://www.amnesty-ulm.de/gruppen/ulm/uni,,ulm@amnestystudents.org ,
Amnesty International Hochschulgruppe,,Studentische Initiative,,,http://amnesty-uwh.de/,,witten@amnestystudents.org,
Alsalam,,Studentische Initiative,,,https://www.uni-wh.de/studium/studentische-initiativen/studentische-initiative-al-salam/,,,
Mit Sicherheit verliebt ,,Studentische Initiative,,,https://de-de.facebook.com/msvwitten/,,witten@sicher-verliebt.de,
L'appel Deutschland e.V.,,Verein,,,https://www.uni-wh.de/studium/studentische-initiativen/lappel-deutschland/,,,
Arbeitsgruppe Medizinische Sprechstunde,,Studentische Initiative,,,https://www.uni-wh.de/studium/studentische-initiativen/arbeitsgruppe-medizinische-sprechstunde/,,,
Gambiadentcare programm,,Studentische Initiative,,,https://www.uni-wh.de/studium/studentische-initiativen/gambiadentcare-programm/,,,
Luthers Waschsalon,,Studentische Initiative,,,https://www.uni-wh.de/studium/studentische-initiativen/luthers-waschsalon/,,,
Weltgesundheit,,Verein,,,https://www.uni-wh.de/studium/studentische-initiativen/weltgesundheit/,,weltgesundheit@gmail.com,
Endulen e.V.,,Studentische Initiative,,,http://www.endulen.de/de/,,info@endulen.de,
Students Health Dialog,,Studentische Initiative,,,https://www.uni-wh.de/studium/studentische-initiativen/students-health-dialogue/,,info@students-health-dialogue.com,
IPPNW Studierendengruppe,,Studentische Initiative,,,https://www.ippnw.de/der-verein/studierende/studierendengruppen/artikel/de/wuerzburg.html,,ippnw-studis-wue@gmx.de,
Studierendeninitiative globalegesundheit ,,Studentische Initiative,,,https://www.facebook.com/globalegesundheit/,,globalegesundheit.anmeldung@gmail.com,
Mit Sicherheit verliebt ,,Verein,,,https://www.med.uni-wuerzburg.de/fachschaft/studentische-initiativen/mit-sicherheit-verliebt/,,msv.wuerzburg@gmail.com,
Medinetz,,Studentische Initiative,,,https://www.medinetz-wuerzburg.de/,,,
Amnesty International Hochschulgruppe,,Verein,,,http://www.amnesty-wuerzburg-studenten.de/Main/UnsereGruppe,,amnesty.hsg.wuerzburg@gmail.com,
Blaupause,,Verein,,,https://www.med.uni-wuerzburg.de/fachschaft/studentische-initiativen/blaupause-wuerzburg/,,wuerzburg@blaupause-gesundheit.de,
Aufklärung gegen Tabak,,Verein,,,https://gegentabak.de/universitaet-wuerzburg/,,,
Refugee Law Clinic,,,,,https://www.rlc-wue.de,,info@rlc-wue.de,
KLUG,,,,,https://www.klimawandel-gesundheit.de/,,,
NÖG Nachwuchsnetzwerk öffentliche Gesundheit (mit Lokalgruppen in verschiedenen Städten),,,,,http://noeg.org/,,,
bvmd GandHI,,,,,https://www.bvmd.de/unsere-arbeit/projekte/gandhi/,,,
SCORP bvmd,,,,,https://www.bvmd.de/wer-wir-sind/arbeitsgruppen/ag-medizin-und-menschenrechte/scorp-projekte/,,,
IPPNW,,,,,www.ippnw.de,,,
Medinetz,,,,,,,,
UAEM ,,,,,https://www.facebook.com/UAEMGermany/,,,
Kritische Mediziner*innen,,,,,,,,
Unified for Health,,,,,unifiedforhealth.org,,,
Young Leaders for Health ,,,,,https://www.youngleadersforhealth.org/,,,
bvmd AG Public Health,,,,,https://www.bvmd.de/wer-wir-sind/arbeitsgruppen/ag-public-health/,,,
bvmd AG Medizin und Menschenreche,,,,,https://www.bvmd.de/wer-wir-sind/arbeitsgruppen/ag-medizin-und-menschenrechte/,,,
Deutsche Gesellschaft Public Health Students,,,,,http://www.deutsche-gesellschaft-public-health.de/fachbereiche/studierende/,,studierende@dg-public-health.de,
Aufklärung gegen Tabak ,,,,,https://gegentabak.de/,,,
https://www.bvmd.de/fileadmin/redaktion/.../Flüchtlingsprojekte_21-05-2016.docx,,,,,,,,
Refugee Law Clinics,,,,,https://rlc-deutschland.de,,,
MSV,,,,,https://www.bvmd.de/unsere-arbeit/projekte/mit-sicherheit-verliebt/lokalgruppen/,,,